{
  "publicPath": "",
  "all": [
    "0799943f5f6106038bd0.css",
    "13d89a8cabb1a6e629b0.css",
    "chunk.0.13d89a8cabb1a6e629b0.js",
    "chunk.1.56063abffe46b1404877.js",
    "chunk.2.c2d546fccb416b3414fc.js",
    "chunk.main.0799943f5f6106038bd0.js",
    "chunk.vendor.de073940c0071d70f699.js",
    "manifest.45d4a3e818e3634dc9ce.js"
  ],
  "initial": [
    "manifest.45d4a3e818e3634dc9ce.js",
    "chunk.vendor.de073940c0071d70f699.js",
    "chunk.main.0799943f5f6106038bd0.js"
  ],
  "async": [
    "chunk.0.13d89a8cabb1a6e629b0.js",
    "chunk.1.56063abffe46b1404877.js",
    "chunk.2.c2d546fccb416b3414fc.js"
  ],
  "modules": {
    "6531876d": [
      6
    ],
    "081df0cb": [
      6
    ],
    "1aebc9fd": [
      1,
      2
    ],
    "6e114db4": [
      0,
      5
    ],
    "f80a041a": [
      3
    ],
    "f6b0acdc": [
      4
    ],
    "8f1fe9fa": [
      1,
      2
    ],
    "03394de0": [
      0,
      5
    ],
    "3fc6683b": [
      6
    ],
    "0e3ffd18": [
      6
    ],
    "7bc94114": [
      6
    ],
    "990338e4": [
      1,
      2
    ],
    "f122592e": [
      0,
      5
    ],
    "6aa9933d": [
      3
    ],
    "397c6929": [
      4
    ],
    "66854d5f": [
      6
    ],
    "1bb32d60": [
      6
    ],
    "4e8de6ec": [
      6
    ],
    "79a9e548": [
      6
    ],
    "6bc44e0a": [
      6
    ],
    "c0c87218": [
      0,
      5
    ],
    "f70af784": [
      0,
      5
    ],
    "c253708e": [
      1,
      2
    ],
    "6550198a": [
      1,
      2
    ],
    "eb1fb582": [
      1,
      2
    ],
    "52a231e8": [
      1,
      2
    ],
    "5bd25c22": [
      0,
      5
    ],
    "207d76f2": [
      0,
      5
    ],
    "5f391968": [
      0,
      5
    ],
    "2692a1c3": [
      0,
      5
    ],
    "6f5a3a7a": [
      3
    ],
    "4c01cfb1": [
      3
    ],
    "371eabd2": [
      3
    ],
    "6f3e0b78": [
      4
    ],
    "4cae7b50": [
      4
    ],
    "9978fffa": [
      4
    ],
    "1016315b": [
      0,
      5
    ],
    "03722c89": [
      0,
      5
    ],
    "9d74fc52": [
      0,
      5
    ],
    "1aed830a": [
      1,
      2
    ]
  }
}